,Airline_Code,Airline_Name
0,02Q,Titan Airways
1,04Q,Tradewind Aviation
2,05Q,"Comlux Aviation, AG"
3,06Q,Master Top Linhas Aereas Ltd.
4,07Q,Flair Airlines Ltd.
5,09Q,"Swift Air, LLC"
6,0BQ,DCA
7,0CQ,ACM AIR CHARTER GmbH
8,0GQ,"Inter Island Airways, d/b/a Inter Island Air"
9,0HQ,Polar Airlines de Mexico d/b/a Nova Air
10,0J,JetClub AG
11,0JQ,Vision Airlines
12,0LQ,"Metropix UK, LLP."
13,0MQ,"Multi-Aero, Inc. d/b/a Air Choice One"
14,0OQ,Open Skies
15,0Q,Flying Service N.V.
16,0QQ,TAG Aviation (UK) Ltd.
17,0RQ,TAG Aviation Espana S.L.
18,0TQ,"Corporatejets, XXI"
19,0UQ,"Comlux Malta, Ltd."
20,0VQ,Ocean Sky (UK) Limited
21,0WQ,Avjet Corporation
22,0YQ,Comlux Malta Ltd.
23,10Q,Swiss Air Ambulance
24,12Q,Unijet
25,13Q,Chartright Air Inc.
26,14Q,London Air Services Limited
27,15Q,Air Alsie A/S
28,16,PSA Airlines Inc.
29,17,Piedmont Airlines
30,17Q,Albinati Aeronautics SA
31,1AQ,"Charter Air Transport, Inc."
32,1BQ,"Dynamic Airways, LLC"
33,1DQ,Island Airlines LLC
34,1EQ,"KaiserAir, Inc."
35,1FQ,Alsek Air
36,1HQ,International Jet Management GmbH
37,1I,Sky Trek International Airlines
38,1IQ,Jet link AG
39,1JQ,Exec Direct Aviation Services Limited
40,1LQ,Bertelsmann Aviation GmbH
41,1MQ,Twin Cities Air Service LLC
42,1NQ,JSC The 224th Flight Unit State Airlines
43,1PQ,Makani Kai Air Charters
44,1QQ,City Wings Inc dba Seaflight
45,1RQ,Sun Air Express LLC dba Sun Air International
46,1SQ,Star Marianas Air Inc.
47,1TQ,Rhoades Aviation dba Transair
48,1UQ,Gainjet Aviation SA
49,1VQ,Scott Air LLC dba Island Air Express
50,1WQ,Ultimate JetCharters LLC dba Ultimate Air Shuttle
51,1XQ,Dassault Falcon Service
52,2E,Smokey Bay Air Inc.
53,2F,Frontier Flying Service
54,2K,Aerolineas Galapagos S A Aerogal
55,2M,Midway Express Airlines
56,2O,Island Air Service
57,2R,Regal Air
58,2T,Canada 3000 Airlines Ltd.
59,2U,Valley Air Express Inc.
60,37,Zeal 320
61,3C,"Regions Air, Inc."
62,3F,"Pacific Airways, Inc."
63,3M,Silver Airways
64,3S,AeroLogic GmbH
65,3U,Sichuan Airlines Co Ltd.
66,4B,Boutique Air
67,4B (1),Olson Air Service
68,4C,Aerovias de Intergracian Regional
69,4E,Tanana Air Service
70,4E (1),British Airtours Limited
71,4H,Belize Trans Air
72,4M,LAN Argentina
73,4M (1),Lan Dominica
74,4N,Air North
75,4O,ABC Aerolineas SA de CV dba Interjet
76,4R,Regent Air Corporation
77,4S,Sol Air (Aero Hunduras)
78,4S (1),Conner Air Lines Inc.
79,4T,Belair Airlines Ltd.
80,4W,Warbelow
81,4Y,Yute Air Aka Flight Alaska
82,5B,Bellair Inc.
83,5C,C.A.L Cargo Airlines
84,5D,Aerolitoral
85,5F,Arctic Circle Air Service
86,5G,"Skyservice Airlines, Inc."
87,5G (1),Queen Air
88,5J,Private Jet Expeditions
89,5L,Aerosur
90,5V,Tatonduk Outfitters Limited d/b/a Everts Air Alaska and Everts Air Cargo
91,5X,United Parcel Service
92,5Y,Atlas Air Inc.
93,6A,Aviacsa Airlines
94,6B,TUIfly Nordic A.B.
95,6C,Cape Smythe Air Service
96,6F,Laker Airways Inc.
97,6H,Israir Airlines
98,6P,Pacific East Air Inc.
99,6R,Aerounion Aerotransporte de Carga Union SA de CV
100,6U,Air Ukraine
101,6Y,Nicaraguense De Aviacion Sa
102,7B,Krasair
103,7C,Jeju Air Co Ltd.
104,7F,First Air
105,7G,MK Airlines Ltd.
106,7G (1),Bellair Inc. (1)
107,7H,Era Aviation
108,7I,Insel Air International B V
109,7M,Aeromonterrey S.A.
110,7N,Inland Aviation Services
111,7P,Apa International Air S.A.
112,7Q,Pan American World Airways Dominicana
113,7S,Arctic Transportation
114,7S (1),Skystar International Inc.
115,7Z,Lb Limited
116,8C,Air Transport International
117,8D,Servant Air Inc.
118,8E,Bering Air Inc.
119,8F,Wilburs Inc.
120,8J,Jetall Airways
121,8L,Servicio Aereo Leo Lopez
122,8N,Flagship Airlines Inc.
123,8Q,Baker Aviation Inc.
124,8R,Edelweiss Air Ag
125,8V,Wright Air Service
126,9E,Endeavor Air Inc.
127,9J,Pacific Island Aviation
128,9K,Cape Air
129,9L,Colgan Air
130,9M,Central Mountain Air
131,9N,ANA & JP Express Co. Ltd.
132,9R,Flagship Express Services
133,9S,Southern Air Inc.
134,9T,"TravelspanGT, Inc. S.A."
135,9V,"Avior Airlines, C.A."
136,9W,Jet Airways (India) Limited
137,A0,Elysair d/b/a L'Avion
138,A2,Cielos De Peru
139,A4,Southern Wind Airlines
140,A7,Air Comet S.A.
141,A7 (1),Air 21
142,AA,American Airlines Inc.
143,AAA,Associated Aviation Act.
144,AAB,Antilles Air Boats Inc.
145,AAE,AAA Airlines
146,AAI,Audi Air Inc.
147,AAL,Argosy Air Lines Inc.
148,AAP,Armstrong Air Service Inc.
149,AAQ,Advance Air Charters
150,AAR,Altair Airlines Inc.
151,AAT,Air Sunshine Inc.
152,AAV,Alpine Air
153,AAZ,Alaska Aeronautical Indust.
154,AB,Air Berlin PLC and CO
155,ABH,Air Bahia
156,ABI,Airbama Incorporated
157,ABO,Aeronaves Boringuena Inc.
158,ABX,"ABX Air, Inc."
159,AC,Air Canada
160,ACA,Alaska Central Airways Inc.
161,ACD,Academy Airlines
162,ACG,Air Cargo Express Inc.
163,ACH,Island Airlines Hawaii Inc.
164,ACI,AAA-Action Air Carrier Inc.
165,ACJ,Atlantic Coast Jet Inc.
166,ACK,Air Central Inc.
167,ACL,Check-Air Inc.
168,ACN,Alliance Airlines
169,ACO,Air Cargo Enterprises Inc.
170,ACP,Air Chaparral Inc.
171,ACQ,Aeronautica De Cancun
172,ACS,Alamo Commuter Airlines
173,ACT,Air Central Inc. (1)
174,ACW,Transwest Air Express
175,AD,Avia Leasing Company
176,ADB,Antonov Company
177,ADQ,Aeronaves Del Peru
178,ADR,Adirondack Airlines
179,ADV,Advantage Airlines
180,AE,Air Europe Limited
181,AEC,Astec Air East Inc.
182,AED,Air East Of Delaware Inc.
183,AEF,Aero Freight
184,AEO,Aero Coach
185,AEQ,Air Caravane Inc.
186,AEX,Air Excursions LLC (1)
187,AF,Compagnie Natl Air France
188,AFA,American Flag Airlines Inc.
189,AFE,Air Florida Express
190,AFG,American Flight Group
191,AFQ,Aero B Venezuela C.A.
192,AFS,Arcata Flying Service
193,AGA,Air Cargo America Inc.
194,AGQ,Argo S. A.
195,AHA,Air Alpha
196,AHC,Air Hawaii
197,AHQ,Air National
198,AI,National Aviation Company of India Limited d/b/a Air India
199,AIA,All Island Air
200,AIC,Air Caribbean
201,AIE,Air Express Inc.
202,AIG,Airgo Inc.
203,AIK,Air Ketchum Idaho Inc.
204,AIM,Air Mont. Inc.
205,AIN,Air Indiana
206,AIQ,Norontair
207,AIT,Airways International
208,AIY,Alliance Air
209,AJ,Air Micronesia Inc.
210,AJQ,Aerodynamics Inc.
211,AKQ,Airmark Airlines Inc.
212,AL,Skyway Airlines
213,ALD,Allied Airlines
214,ALE,Air-Lift Associates Inc.
215,ALI,Brandt Air
216,ALK,Air Link Airways
217,ALL,All Seasons Air Pacific
218,ALQ,Alberta Northern Airlines
219,ALS,Air L.A.
220,ALT,Altus Airlines
221,ALU,Aleutian Air
222,ALX,Atlanta Express
223,AM,Aeromexico
224,AMA,North American Airlines Inc.
225,AME,Americair Inc.
226,AMI,American Inter-Island Inc.
227,AMQ,Ameristar Air Cargo
228,AMR,AvAir
229,AMT,American Air Transport
230,ANB,Air Nebraska Inc.
231,ANC,Atlantic Air
232,AND,Southcentral Air Inc.
233,ANI,Dash Air Corporation
234,ANM,Airways Of New Mexico Inc.
235,ANO,Metro Air Northeast Vermont
236,ANT,Air North/Nenana
237,AO,Aviacion Y Comercio S.A.
238,AOI,Trans New York
239,AON,Action Airlines
240,AOQ,Aerovias S.A.
241,AOR,Air New Orleans
242,APE,Air Cape
243,APH,Alpha Air
244,API,Arizona Pacific Inc.
245,APL,Appalachian Flying Service
246,APN,Aspen Airways Inc.
247,APQ,Alas De Transporte International
248,APS,Air Spirit Inc.
249,APY,Air Polynesia Inc.
250,AQQ,Air Charter (Safa)
251,AR,Aerolineas Argentinas
252,ARA,Air Resorts Airlines
253,ARB,Air Caribe International
254,ARD,Airlift International
255,ARI,Arizona Aero Corp.
256,ARM,Airmarc Airlines Inc.
257,ARN,Arnold Aviation
258,ARO,Air Oregon
259,ARP,Airspur Helicopters Inc.
260,ARQ,Aerovias Colombianas Arca
261,ARR,Arrowhead Airways Inc.
262,ARS,Air Sedona
263,ARZ,Arizona Airways
264,AS,Alaska Airlines Inc.
265,ASC,Air South Inc.
266,ASD,Amistad Airlines
267,ASH,Air South
268,ASI,Alpine Air Services Inc.
269,ASN,Air Casino
270,ASP,Asap Air Inc.
271,ASQ,Aerosur (1)
272,ASR,Astor Air
273,AST,Astro Airways
274,ASU,Air South (1)
275,ASW,Sunrise Airlines Inc.
276,AT,Royal Air Maroc
277,ATH,Air Southeast
278,ATN,Air Atlantic Airlines Inc.
279,ATO,Pacific National Airways
280,ATQ,Aero Tranportes Panamenos
281,ATS,Atlantis Airlines Inc.
282,ATT,Aerotransit Inc.
283,ATX,Air Carolina
284,AUX,Austin Express Inc.
285,AV,Aerovias Nacl De Colombia
286,AVA,Air Vectors Airways
287,AVC,Av Center Inc.
288,AVG,Airvantage
289,AVI,Aero Virgin Islands Corp.
290,AVL,Aviation Sales
291,AVQ,Aero Laguna S.A. De C.V.
292,AVR,Air Vermont Inc.
293,AVS,Aviation Services
294,AVZ,Southern Jersey Airways
295,AWA,Air West Airlines
296,AWQ,Aermediterranea S.P.A.
297,AX,Trans States Airlines
298,AXQ,Aeron International Airlines Inc.
299,AY,Finnair Oy
300,AYQ,Aerodan S.A. De C.V.
301,AZ,Compagnia Aerea Italiana
302,AZP,Arizona Pacific Airways
303,AZQ,Anglo Airlines Ltd.
304,B6,JetBlue Airways
305,BA,British Airways Plc
306,BAA,Aero International Airlines
307,BAC,Business Aircraft Corp.
308,BAH,Brennan & Hargreaves Inc.
309,BAK,Bankair Inc.
310,BAN,Bangor International Air
311,BAQ,Aero Rentas De Coahuila S.A. De C.V.
312,BAR,Bard-Air Corp.
313,BAT,West Penn Commuter
314,BAY,Burlington Aeroplane Co.
315,BBQ,Balair Ag
316,BC,Skymark Airlines Inc.
317,BCA,Baja Cortez Airlines
318,BCQ,Bradley Air Services Ltd.
319,BD,British Midland Airways Ltd.
320,BDE,Jet Express
321,BDQ,Aerotaxis De Aguascalientes S.A. De C.V.
322,BE,Braniff International Airlines Inc.
323,BEA,Business Express Airlines
324,BEN,Bennington Aviation Inc.
325,BEQ,Air Belgium
326,BES,Aeroservices Executive
327,BEY,Beyer Aviation
328,BF,Markair Inc.
329,BFG,Million Air
330,BFQ,Buffalo Airways Inc.
331,BG,Biman Bangladesh Airlines
332,BGQ,Airbus Transport Internat'l
333,BHK,Blackhawk Airways Inc.
334,BHO,Bighorn Airways Inc.
335,BHQ,Turks Air Ltd. (1)
336,BIA,Big Island Air
337,BIQ,Servicios Aeronauticos Z S.A. De C.V.
338,BIR,Birchwood Air Service
339,BJQ,Taxirey S.A. De C.V.
340,BLQ,Air Bvi Limited
341,BM,Belize Air International Ltd.
342,BMT,Bremerton Aviation Inc.
343,BN,Britannia Airways GmbH
344,BN (1),Braniff Inc.
345,BNQ,NetJets Large Aircraft Company L.L.C.
346,BOA,Boise Air Service
347,BOI,Bo-S-Aire Airlines Inc.
348,BOQ,Transp. Aereos Bolivianos
349,BQ,Aeromar C. Por A.
350,BR,Eva Airways Corporation
351,BR (1),Cal Air International Ltd.
352,BRK,Barken International
353,BRO,Brower Airways Inc.
354,BRW,Barrow Air
355,BTQ,Brasair Transportes Aereos
356,BUH,Business Helicopters
357,BUQ,Wrangler Aviation Inc.
358,BUQ (1),Blue Bell Inc.
359,BUR,Burlington Airways Inc.
360,BW,Caribbean Airlines Limited
361,BXQ,Spantax S. A.
362,BY,Britannia Airways Ltd.
363,BYA,Bay Air
364,BZQ,"Abaco Air, Ltd."
365,C5,"Commutair Aka Champlain Enterprises, Inc."
366,C6,Canjet Airlines
367,C8,Cargolux Italia SpA
368,C8 (1),Chicago Express Airlines
369,CA,Air China
370,CAC,Coleman Air Transport
371,CAF,California Seaboard
372,CAI,Crawford Aviation Inc.
373,CAM,C & M Airlines
374,CAP,Metro Air Northeast N Y
375,CAQ,Challenge Air Luftverkehrs GmbH
376,CAT,Catalina Airlines Inc.
377,CAV,Air Virginia
378,CAZ,CAT Aviation
379,CB,Air One Inc.
380,CBA,Carriba Air Inc.
381,CC,Air Atlanta Icelandic
382,CC (1),Air Atlanta Inc.
383,CCA,Cityhop
384,CCO,Chester County Aviation
385,CDQ,Kitty Hawk International
386,CEN,Cen-Tex Airlines Inc.
387,CEQ,All Canada Express
388,CET,Century Airlines (Cal)
389,CF,Compan. De Aviacion Faucett
390,CGA,Chicago Airlines
391,CGL,Viking International Airlines Inc.
392,CGO,Chicago Air Taxi
393,CH,Bemidji Airlines
394,CHD,Chandler Flyer
395,CHE,Charter Airlines
396,CHF,Hammonds Commuter Air Serv.
397,CHI,Chitina Air Service
398,CHL,Channel Flying Inc.
399,CHO,Choi Aviation Inc.
400,CHS,Christman Air System
401,CHT,Charter One
402,CI,China Airlines Ltd.
403,CIQ,A/S Conair
404,CIS,Cal Sierra Airlines
405,CJ,Colgan Airways Inc.
406,CK,China Cargo Airline
407,CKI,Inlet Airlines
408,CL,Capitol International Inc.
409,CLB,Columbia Pacific Airlines
410,CLD,Hawaii Pacific Helicopters
411,CLF,California Air Shuttle
412,CLQ,Aero Transcolombiana
413,CM,Compania Panamena (Copa)
414,CMB,Combs Airways Inc.
415,CMD,Command Airways Inc.
416,CMQ,Servicio De Carga Aerea Sa
417,CMR,Commuter Airlines (Ca)
418,CNN,Centennial Airlines
419,CO,Continental Air Lines Inc.
420,COB,Cotton Belt Aviation Inc.
421,COC,Cochise Airlines Inc.
422,COK,Coker Aviation Inc.
423,COL,Presidential Express
424,COM,Commutair
425,COR,Coral Air Inc.
426,COS,Cosmopolitan Comm. Airline
427,COT,Southeastern Commuter
428,COU,Courtesy Air Service Inc.
429,CP,Compass Airlines
430,CP (1),Canadian Airlines International Ltd.
431,CPA,Capitol Air Lines
432,CPC,Coastal Plains Commuter Inc.
433,CPQ,Capitol Air Express Inc.
434,CPT,Capitol Air
435,CQI,Conquest Airline Corp.
436,CRA,Commuter Airlines
437,CRB,Caribair
438,CRE,Caribbean Express Inc.
439,CRH,Cresent Medivac
440,CRN,Crown Aviaiton Inc.
441,CRO,Crown Airways Inc.
442,CRP,Corporate Air
443,CRT,Crested Butte Air Service
444,CRV,Acropolis Aviation Ltd.
445,CS,Continental Micronesia
446,CSA,Casino Airlines
447,CSK,Catskill Airways Inc.
448,CSL,Central States Air Lines
449,CSM,Chisum Flying Service
450,CSN,Casino Airlines (1)
451,CSQ,Celtic Tech Jet Ltd.
452,CTA,Century Airlines
453,CTH,Cothron Aviation
454,CTL,Coastal Air Transport
455,CTQ,Custom Air Transport
456,CTR,Chartair
457,CUQ,Caicos Caribbean Airways
458,CUS,Custom Air Service
459,CV,Cargolux Airlines International S.A
460,CVA,Catalina-Vegas Airlines
461,CVQ,Caraven S.A.
462,CW,Air Marshall Islands Inc.
463,CWQ,Canadian Aviation Express
464,CX,Cathay Pacific Airways Ltd.
465,CYQ,Corse Air International
466,CZ,China Southern Airlines
467,CZ (1),Cascade Airways Inc.
468,CZQ,Aviation Concepts
469,DA,Dan Air Services
470,DAN,Danbury Airlines
471,DAU,Dauphin Island Airways
472,DC,Caribbean Air Cargo Co Ltd.
473,DE,Condor Flugdienst
474,DEA,Downeast Airlines Inc.
475,DEC,Decatur Aviation
476,DFS,Downeast Flying Service
477,DH,Independence Air
478,DH (1),Discovery Airways Inc.
479,DHL,DHL Airlines Inc.
480,DHQ,DHL Aero Expresso
481,DIA,Drummond Island Air
482,DIC,Dickman Aviation Services
483,DIR,Northern Star
484,DL,Delta Air Lines Inc.
485,DM,Maersk Air I/S
486,DO,Compania Dominicana De Avia
487,DOL,Dolphin Airways Inc.
488,DOQ,Aerolineas Dominicanas S A
489,DPA,Desert Pacific Airways
490,DPI,Desert Pacific Airlines Inc.
491,DQQ,Caribwest Airways Ltd.
492,DSA,Desert Sun Airlines
493,DST,Desert Airlines
494,DUL,Dulles Express
495,DUZ,Summit Airlines Inc.
496,DVO,Devoe Airlines
497,DWN,Dawn Air
498,DXA,Dolphin Express
499,DY,Norwegian Air Shuttle ASA
500,E0,"EOS Airlines, Inc."
501,E7,Estafeta Carga Aereas
502,E72,European Aviation Air Charter
503,E8,USAfrica Airways Inc.
504,E9,Boston-Maine Airways
505,EA,Eastern Air Lines Inc.
506,EAI,Executive Aviation Inc.
507,EAQ,"Executive Airlines, SL"
508,EAS,Eastern Caribbean Airways
509,EAT,Eastman Airways Inc.
510,EBQ,Execaire Aviation Ltd.
511,ECA,Eagle Airlines (1)
512,ECI,Eastern Carolina Aviation
513,ECL,Eclipse Airlines
514,ECQ,Trans American Charter
515,ECR,East Coast Airways
516,ED,Andes
517,EDE,Ede Aire
518,EET,Exec Express II
519,EEX,Exec Express
520,EEZ,Eagle Aviation Inc.
521,EFA,Executive Four Winds
522,EFQ,Trans Europ. Airways France
523,EGA,Eagle Airline
524,EGJ,Eagle Jet Charter
525,EGL,Eagle Commuter Airlines Inc.
526,EH,Saeta Airlines
527,EHA,East Hampton Aire Inc.
528,EI,Aer Lingus Plc
529,EIA,East. Indiana Aviation Sale
530,EJQ,Aeroejecutivos C.A.
531,EK,Emirates
532,EKA,Air Pacific Inc.
533,ELL,Ellis Air Taxi Inc.
534,EM,Empire Airlines Inc.
535,EMA,Emerald Airlines
536,EME,Metro Express
537,EMP,Empire Airlines Inc. (2)
538,ENT,Enterprise Airlines Inc.
539,EOQ,Aeroservicios Ecuatorianos
540,EP,All Star Airlines Inc.
541,EQ,Tame Linea Aerea del Ecuador Tme EP
542,ER,"Astar USA, LLC"
543,ERI,Erie Airways Inc.
544,ERO,Empire Aero Service
545,ERQ,Aero Trades (Western) Ltd.
546,ESQ,Seagreen Air Transport
547,ET,Ethiopian Airlines
548,EU,Ecuatoriana De Aviacion
549,EUQ,Air Atlanta Europe
550,EV,ExpressJet Airlines Inc.
551,EVA,Evanston Aviation
552,EWA,Rio Grande Air
553,EXA,Columbia Pacific Airlines (1)
554,EXC,Hapag-Lloyd Executive GmbH
555,EXC (1),Executive Charter
556,EXP,Express Airlines II
557,EXQ,Export Air Del Peru S.A.
558,EXR,Executive Transport
559,EY,Etihad Airways
560,EZ,Evergreen International Inc.
561,F2,Omega Air Holdings d/b/a Focus Air
562,F8,Freedom Airlines d/b/a HP Expr
563,F9,Frontier Airlines Inc.
564,FAA,Falwell Aviation Inc.
565,FAC,Falcon Airways Inc.
566,FAQ,Fast Air Carrier Ltd. (1)
567,FAR,Federal Armored Service Inc.
568,FB,Translift Airways Limited
569,FBI,Young Flying Service
570,FCA,Southern Airlines Inc.
571,FCQ,Falcon Air Express
572,FD,Air Puerto Rico Airlines
573,FDA,Florida Airlines Inc.
574,FDM,Freedom Airlines Inc.
575,FDQ,Great American Airways
576,FE,Primaris Airlines Inc.
577,FF,Tower Air Inc.
578,FFQ,Five Star Airlines
579,FH,Frontier Horizon Inc.
580,FI,Icelandair
581,FJ,Air Pacific Ltd.
582,FJ (1),Air Pacific Ltd. (1)
583,FL,AirTran Airways Corporation
584,FL (1),Frontier Airlines Inc. (1)
585,FLA,Florida Air
586,FLM,Flamenco Airways Inc.
587,FLR,Flirite Inc.
588,FNQ,Fine Airlines Inc.
589,FOR,Ford-Aire Inc.
590,FOS,Foster Aviation
591,FP,TAG Aviation S.A.
592,FQ,Air Aruba
593,FRA,Freedom Air
594,FRS,Four Star Aviation
595,FRT,Frontier Commuter
596,FRW,Farwest Airlines
597,FS,Serv De Trans Aereos Fuegui
598,FSA,F.S. Air Service
599,FT,Flying Tiger Line Inc.
600,FTI,Southern Airways
601,FVA,Skycraft Inc.
602,FW,Skybus Inc.
603,FWA,Far West Airlines
604,FX,Federal Express Corporation
605,FYB,Flying Boat
606,G3,VRG Linhas Aereas S A
607,G3 (1),Aerochago S.A.
608,G4,Allegiant Air
609,G7,"GoJet Airlines, LLC d/b/a United Express"
610,GA,P.T. Garuda Indonesian Arwy
611,GAL,Galena Air Service
612,GAQ,Galaxy Airlines Inc.
613,GAS,General Aviation Inc.
614,GAT,Gulf Air Taxi
615,GAV,Gromer Aviation Inc.
616,GBA,Central States Airline
617,GBQ,G5 Executive Ag
618,GCA,Golden Carriage Aire
619,GCH,Grand Canyon Helicopters
620,GCQ,General Air Cargo
621,GCS,Midway Commuter
622,GD,Transp. Aereos Ejecutivos
623,GDW,Golden West Airlines Inc.
624,GE,Lufthansa Cargo Airlines
625,GF,Gulf Air Company
626,GF (1),Gulf Air Transport Inc.
627,GFC,Gulf Flite Center
628,GFQ,Gulf And Caribbean Cargo
629,GG,"Cargo 360, Inc."
630,GG (1),Tropical Airways Inc.
631,GG (2),Grenada Airways Ltd.
632,GH,Ghana Airways Corporation
633,GHA,Green Hills Aviation Ltd.
634,GIQ,Global International Airways Corp.
635,GJ,Eurofly S.p.A
636,GJ (1),Mexicargo
637,GKQ,Laker Airways
638,GL,Miami Air International
639,GLW,Golden West Airlines Co.
640,GM,Air America
641,GMA,Green Mountain Airlines Ltd.
642,GOF,Copper State Airlines
643,GPA,GP Express Airlines
644,GQ,Big Sky Airlines Inc.
645,GR,Gemini Air Cargo Airways
646,GRA,Gorda Aero Service
647,GRD,Grand Canyon Airlines
648,GRO,Isle Royale Seaplane Serv.
649,GS,Air Foyle Limited
650,GSA,Golden Gate Airlines Inc.
651,GSC,GCS Air Service
652,GSL,Golden South Airlines Inc.
653,GSQ,Global Supply System
654,GST,Golden State Airlines
655,GU,Aviateca
656,GUL,Gull Air Inc.
657,GUN,Gunnel Aviation Inc.
658,GV,Grant Aviation
659,GW,Central American Airlines
660,GWA,Great Western Aviation
661,GWE,Ross Aviation Inc.
662,GX,Air Ontario Limited
663,GY,Guyana Airways Corporation
664,H2,City Bird
665,H5,Magadan Airlines
666,H6,Hageland Aviation Service
667,HA,Hawaiian Airlines Inc.
668,HAQ,Hapag Lloyd Flug.
669,HAR,Friendship Air Alaska
670,HB,Homer Air
671,HB (1),Air Club International
672,HBQ,Harris Air Services
673,HCQ,Av Atlantic
674,HEL,Helitrans
675,HEP,Hub Express
676,HER,Markair Express
677,HET,Helitac Aviation
678,HEU,Heussler Air Service Corp
679,HFQ,Haiti Air Freight Intl
680,HFS,Hensley Flying Service Inc.
681,HIQ,Business Flights Ltd.
682,HJ,Air Haiti S. A.
683,HK,Time Air Sweden Ab
684,HLQ,Heavylift Cargo Airlines Lt
685,HMZ,Long Island Airlines
686,HNS,Haines Airways
687,HOL,Holiday Airlines Inc.
688,HOQ,Holidair Airways
689,HOR,Iowa Airlines
690,HP,America West Airlines Inc. (Merged with US Airways 9/05. Stopped reporting 10/07.)
691,HPZ,Pacific Coast Airlines
692,HQ,Harmony Airways
693,HQ (1),Business Express
694,HQQ,Harlequin Air Corporation
695,HRA,Trans-National Airlines Haw
696,HRG,Heritage Airlines
697,HRQ,Tar Airlines
698,HRZ,Allegheny Airlines
699,HSV,Harbor Air Service
700,HSZ,Scenic Airlines Inc.
701,HU,Hainan Airlines Company Limited
702,HUB,Skystream Airlines
703,HVQ,Transavia Holland B. V.
704,HWK,Hawking Corporation
705,HX,Guy-America Airways Inc.
706,HY,Uzbekistan Airways
707,HYA,Hyannis Aviation
708,IA,Iraqi Airways
709,IB,Iberia Air Lines Of Spain
710,ICF,Iowa City Flying Service
711,ICH,Island Air Charters
712,ICQ,Iscargo Hf
713,IDQ,Intl Air Service Co. Ltd.
714,IEX,Island Air Express
715,IG,Meridiana S.p.A
716,IGA,"Global Jet Austria, GmbH"
717,III,Idee Industries Inc.
718,IJ,Great Wall Airlines Company Limited
719,IKQ,Tradewinds Airways Ltd.
720,IMP,Imperial Airlines Inc.
721,IN,Aerlinte Eireann Teoranta
722,INA,Inland Empire Airlines Inc.
723,IND,Indiana Airways Inc. (Pa)
724,INQ,Independent Air Inc.
725,IOW,Iowa Airways
726,IPI,Indo-Pacific International
727,IPQ,Aruba Cargo
728,IPS,Island Express
729,IR,Iran National Airlines Corp
730,IRQ,Interstate Airlines Inc.
731,ISL,Island Airlines
732,ITQ,Interamericana De Aviacion
733,IW,Air Liberte Aka Aom Minerve
734,IW (1),Best Airlines Inc.
735,IXQ,Inair
736,J5,Alaska Seaplane Service
737,J6,Larrys Flying Service
738,J7,Valujet Airlines Inc.
739,JAG,JetAlliance Flugbetriebs d/b/a JAF Airservice
740,JAM,Sunbelt Airlines Inc.
741,JAQ,Jamaica Air Freighters
742,JB,Helijet International Inc.
743,JCM,Air Chico
744,JCQ,Jet Connection Businessflight Ag
745,JCZ,Rocky Mountain Airways Inc.
746,JD,Japan Air System Co. Ltd.
747,JER,Jer-Don Air
748,JF,L.A.B. Flying Service Inc.
749,JI,Jade Cargo International
750,JI (1),Midway Airlines Inc.
751,JIQ,Jet Fleet Intl. Airlines
752,JJ,Transportes Aeros Meridiona
753,JK,Spanair S.A.
754,JK (1),Sunworld International Airways Inc.
755,JKQ,Express One International Inc.
756,JL,Japan Air Lines Co. Ltd.
757,JM,Air Jamaica Limited
758,JMA,Jim Air Inc.
759,JN,Excel Airways
760,JO,Jalways Co. Ltd.
761,JQ,Jetstar Airways Pty Limited
762,JR,Aero California
763,JTA,Jetaire Airlines Inc.
764,JU,Yugoslav Airlines
765,JW,Arrow Air Inc.
766,JX,Southeast Airlines
767,JX (1),Jes Air Ltd.
768,JXQ,Allarco Developments Ltd.
769,JZ,Japan Air Charter Co. Ltd.
770,K3,Venture Travel LLC d/b/a Taquan Air Service
771,K5,"SeaPort Airlines, Inc. d/b/a Wings of Alaska"
772,K7,Arizona Express
773,K8,"Caribbean Sun Airlines, Inc. d/b/a World Atlantic Airlines"
774,K8 (1),Dutch Caribbean Airlines
775,KA,Hong Kong Dragonair
776,KAH,Kenmore Air Harbor
777,KAI,Knight Airlines Inc.
778,KAQ,Kalitta Air LLC
779,KAT,Katmai Air
780,KB,Haiti Air
781,KE,Korean Air Lines Co. Ltd.
782,KEA,Keene Airways
783,KEE,Key Airlines
784,KET,Ketchikan Air Service
785,KFS,King Flying Service
786,KH,Aloha Air Cargo
787,KI,Time Air Ltd.
788,KIN,Golden Pacific Airlines
789,KKQ,Transmeridian Air Cargo Ltd.
790,KL,Klm Royal Dutch Airlines
791,KLQ,Kalitta Charters II
792,KM,Air Malta
793,KN,Morris Air Corporation
794,KO,Alaska Central Express
795,KOD,Kodiak Airways Inc.
796,KP,Kiwi International
797,KR,Kitty Hawk Aircargo
798,KR (1),Kar-Air Oy
799,KS,Peninsula Airways Inc.
800,KTQ,Turks Air Ltd.
801,KU,Kuwait Airways Corp.
802,KW,Carnival Air Lines Inc.
803,KWQ,Kelowna Flightcraft Air Cha
804,KWZ,Crown Air
805,KX,Cayman Airways Limited
806,KXZ,Chaparral Airlines Inc.
807,KZ,Nippon Cargo Airlines
808,L2,Lynden Air Cargo Airlines
809,L3,Lynx Aviation d/b/a Frontier Airlines
810,L7,Lan Colombia
811,LA,Lan-Chile Airlines
812,LAA,La Skycab Airline
813,LAH,La Helicopter
814,LAN,Lancer Aviation Inc.
815,LAP,Lapsa
816,LAR,Laredo Air
817,LAS,Lake Union Air Service
818,LAW,Lawrence Aviation
819,LB,Lloyd Aereo Boliviano S. A.
820,LBQ,Millon Air Inc.
821,LC,Varig Logistica S/A
822,LC (1),Lineas Aereas Del Caribe
823,LC (2),Legend Airlines
824,LCQ,Latcr
825,LCT,Lake Coastal
826,LEQ,Le Point Air
827,LEX,L'Express
828,LF,Jettrain Airlines
829,LG,Luxair
830,LGQ,Lineas Aereas Allegro
831,LH,Lufthansa German Airlines
832,LHA,Havasu Airlines
833,LIQ,Liat (1974) Limited
834,LJ,Jin Air Co Ltd.
835,LKN,Loken Aviation
836,LLA,Lakeland Aviation
837,LNQ,Aerolineas Latinas
838,LO,Polskie Linie Lotnicze
839,LOQ,Lorair Ltd.
840,LOS,Aero Commuter
841,LP,Lan Peru Airlines
842,LP (1),The Hawaii Express Inc.
843,LR,Lacsa
844,LRQ,Air Liberte
845,LSQ,Lineas Aereas Suramerican
846,LSZ,Alaska Island Air Inc.
847,LT,Luftransport-Unternehmen
848,LU,Air Atlantic Dominicana
849,LUQ,Lineas Aereas La-Tur Sa
850,LVA,Las Vegas Airlines
851,LW,Pacific Wings Airlines
852,LX,Swiss International Airlines
853,LXQ,Translux Intl Airlines
854,LY,El Al Israel Airlines Ltd.
855,LZ,Balkan Bulgarian Airlines
856,LZQ,Leisure International Airways Ltd.
857,M3,ABSA-Aerolinhas Brasileiras
858,M6,Amerijet International
859,M7,Aerotransportes Mas De Crga
860,MA,Malev Hungarian Airlines
861,MAA,Maui Airlines
862,MAC,Mackey International Inc.
863,MAE,Mid-Atlantic Exp. Airlines
864,MAG,Magum Airlines
865,MAI,The Maui Commuter
866,MAQ,Millardair Limited
867,MAR,Marshall's Air Inc.
868,MAV,Maverick Airways
869,MAX,Maxair Inc.
870,MB,Samoa Airlines Inc.
871,MC,Transtar Airlines Corp.
872,MCO,Mid Continental Airlines In
873,MDC,Midcontinent Airlines
874,MDU,Metro Airlines
875,ME,Middle East Airlines S.A.L.
876,MEA,Manhattan Express
877,MET,Metroplex Airlines
878,MEX,Metro Express 11
879,MG,Champion Air
880,MGQ,Montana Austria Flugetrieb
881,MH,Malaysian Airline System
882,MHK,Mohawk Airlines
883,MHO,Mahalo Air
884,MIN,Minuteman Aviation Inc.
885,MIS,Midstate Airlines Inc.
886,MIY,Midway Aviation Inc.
887,MJ,Lapa-Lineas Aereas Privadas
888,MKQ,Airmark Corporation
889,ML,Aero Costa Rica
890,ML (1),Midway Airlines Inc. (1)
891,MLL,Miller Air Transportersinc
892,MLX,Merlin Express
893,MM,Euro Atlantic Airways
894,MM (1),Sociedad Aeronautica De Med
895,MMH,Ocean Airways Inc.
896,MNA,M & N Aviation
897,MNZ,Cumberland Airlines
898,MOQ,Morningstar Air Express
899,MP,Martinair Holland N.V.
900,MPA,Mid Pacific Airlines Inc.
901,MPC,Mid Pacific Air Corp.
902,MQ,Envoy Air
903,MRC,Marco Island Airways Inc.
904,MRQ,"National Air Cargo Group, Inc. d/b/a Murray Air"
905,MRR,Merrimack Aviation Inc.
906,MS,Egyptair
907,MST,Midwest Aviation
908,MT,Thomas Cook Airlines Uk Ltd.
909,MT (1),Flying Colours Airlines Ltd.
910,MTA,Arkansas Traveler Airline
911,MTR,Metroflight Airlines
912,MTV,Mst Aviation
913,MTX,Mountain Air Express
914,MU,China Eastern Airlines
915,MU (1),Mcclain Airlines Inc.
916,MUA,Manu'a Air Transport
917,MUQ,Aerolineas Mundo
918,MVA,Mississippi Valley Airlines
919,MW,"Mokulele Flight Services, Inc."
920,MWA,Mountain West Airlines
921,MX,Compania Mexicana De Aviaci
922,MY,MAXjet
923,MYQ,Lineas Aereas Mayas (Lamsa)
924,MZ,P.N. Merpati Nusantara Air.
925,N5,Skagway Air Service
926,N5 (1),Nations Air Express Inc.
927,N6,Aero Continente
928,N7,National Airlines
929,,North American Airlines
930,NAC,National Air Commuter Inc.
931,NAP,Npa Inc.
932,NAQ,Nationair
933,NAS,Nasville Eagle
934,NAT,National Air
935,NB,Sterling Cargo
936,NBQ,Sterling Airways A/S
937,NC,Northern Air Cargo Inc.
938,NCA,National Commuter Airlines
939,NCE,Northcoast Executive
940,ND,Intair
941,NEB,New Born Wings Inc.
942,NEC,Nor East Commuter Airlines
943,NEQ,North East Cargo Airlines
944,NER,Northeast Express Regional (1)
945,NET,Nacnet
946,NEV,Nevada Airlines
947,NEW,New England Airlines Inc.
948,NEX,Northeast Express Regional
949,NFA,National Florida Airlines
950,NFQ,North Cariboo Flying Serv.
951,NG,Lauda Air Luftfahrt Ag
952,NGL,Northern Eagle Airways Inc.
953,NH,All Nippon Airways Co.
954,NHA,Newair Flight Inc.
955,NI,Lanica
956,NI (1),American International Airways Inc.
957,NJ,Vanguard Airlines Inc.
958,NJA,N. J. Merrimack Airlines
959,NJE,"NetJets Transportes Aereos, S.A."
960,NK,Spirit Air Lines
961,NKQ,Norcanair
962,NLQ,Nolinor Aviation
963,NN,Northward Airlines Ltd.
964,NOQ,Novair Airlines Ab
965,NPA,North Pacific Airlines Inc.
966,NPT,E. J. A. Newport Inc.
967,NQ,Air Japan Co
968,NRN,Northern Airlines Inc.
969,NSQ,North Coast Air Services
970,NTH,Northaire
971,NTQ,National Aviation Consult.
972,NUM,Lake State Airways
973,NUQ,Air Niugini
974,NVQ,Novair International Airways Ltd.
975,NVX,Nevis Express
976,NW,Northwest Airlines Inc.
977,NWQ,N. W. Territorial Airways
978,NWS,Northwest Seaplanes
979,NXQ,North Vancouver Air
980,NY,New York Air Inc.
981,NYH,New York Helicopter Corp.
982,NZ,Air New Zealand
983,OA,Olympic Airways
984,OAK,Harbor Airlines Inc.
985,OB,Oasis International Airlines S.A.
986,OC,Air California Inc.
987,OCR,Ocean Reef Airways Inc.
988,OD,Emerald Airlines Inc.
989,OD (1),Aerocondor
990,OE,Westair Airlines Inc.
991,OF,Air Finland Ltd.
992,OFF,Offshore Logistics
993,OH,Comair Inc.
994,OHA,Omaha Aviation
995,OHZ,Caribbean Air Services Inc.
996,OI,Prestige Airways
997,OIZ,Corporate Air Inc.
998,OJ,Fly Jamaica Airways Limited
999,OK,Czech Airlines
1000,OMH,Omniflight Helicopters
1001,OMI,Omniflight Airways
1002,OMK,Omak Aviation Airlines
1003,OMN,Omni Pacific Airline
1004,OMQ,Quassar De Mexico
1005,ON,Air Nauru
1006,ONQ,Nunasi-Central Airlines Ltd.
1007,OO,SkyWest Airlines Inc.
1008,OOZ,Sun Aire Lines
1009,OP,Flying Boat Inc.
1010,OP (1),Air Panama Internacional
1011,OPQ,Orion Air
1012,OR,TUI Airlines Nederland B.V.
1013,ORI,Orion Air Inc.
1014,OS,Austrian Airlines
1015,OTT,Otter Air
1016,OV,Aeromaritime
1017,OW,Executive Airlines
1018,OWQ,Ontario Worldair Limited
1019,OWS,Air Kentucky Air Lines
1020,OZ,Asiana Airlines Inc.
1021,OZ (1),Ozark Air Lines Inc. (1)
1022,OZA,Ozark Air Lines Inc.
1023,P9,Pro Air Inc.
1024,PA,Florida Coastal Airlines
1025,PA (1),Pan American World Airways (1)
1026,PA (2),Pan American World Airways
1027,PAI,Permian Airways Inc.
1028,PAQ,Patriot Airlines Inc.
1029,PAT,Panorama Air Tours
1030,PBA,Provincetown Boston
1031,PBQ,Privatair
1032,PCA,Piasa Commuter Airlines
1033,PCL,Pacific Cal Air
1034,PCQ,Pace Airlines
1035,PCR,Pacair
1036,PD,"Porter Airlines, Inc."
1037,PD (1),Pem-Air Limited
1038,PDA,Trans Southern Airways
1039,PDQ,Antigua Paradise Airways
1040,PE,Air Europe S.P.A.
1041,PE (1),People Express Airlines Inc.
1042,PEA,Pearson Aircraft
1043,PEQ,SkyLink Express Inc.
1044,PER,Air Pennsylvania
1045,PET,Petro Aviation Corp.
1046,PFA,Pacificair
1047,PFQ,Asia Pacific
1048,PH,Polynesian Airlines Ltd.
1049,PHL,Phillips Airlines
1050,PHR,Pinehurst Airlines Inc.
1051,PHX,Phoenix Airlines
1052,PI,Piedmont Aviation Inc.
1053,PIA,Pacific Island Airways
1054,PIQ,Pacific International Airlines
1055,PK,Pakistan International Airlines
1056,PKQ,Skyworld Airlines Inc.
1057,PL,Aero Peru
1058,PLA,Planes Inc.
1059,PLQ,Planet Airways
1060,PLZ,Polar Airways Inc.
1061,PM,"Prescott Support Company, Inc."
1062,PMA,Pacific Missionary Aviation
1063,PMT,Pilgrim Aviation & Airlines
1064,PN,Pan American Airways Corp.
1065,PNM,Panama Aviation
1066,PNQ,Panagra Airways
1067,PNR,Pioneer Airways
1068,PNS,Pine State Airlines
1069,PO,Polar Air Cargo Airways
1070,POA,Potomac Air
1071,POC,Pocono Airlines Inc.
1072,POL,Polar International
1073,POM,Pompano Airways
1074,PON,Ponderosa Aviation Inc.
1075,POQ,Polyot Airlines
1076,PP,Jet Aviation Business Jets AG
1077,PPQ,Propair
1078,PR,Philippine Airlines Inc.
1079,PRA,Princeton Aviation Corp
1080,PRD,Paradise Island Airlines
1081,PRM,Prime Air Inc.
1082,PRN,Puerto Rico Intl Airlines
1083,PRO,Sundance Airlines
1084,PRP,Propheter Aviation
1085,PRQ,Florida West Airlines Inc.
1086,PRR,Pro Air Services
1087,PS,Ukraine International Airlines
1088,PS (1),Pacific Southwest Airlines
1089,PSA,P.S. Air Freight Inc.
1090,PT,Capital Cargo International
1091,PTQ,Flight International
1092,PU,Primeras Lineas Uruguays For International
1093,PUQ,Aeropuma
1094,PV,Eastern Provincial Airways
1095,PVA,Precision Valley Aviation
1096,PW,Pacific Western Airlines
1097,PY,Surinam Airways Limited
1098,PZ,Lineas Aereas Paraguayas
1099,Q2,Zambia Airways Corp.
1100,Q4,"Master Top Linhas Aereas, Ltda."
1101,Q5,40-Mile Air
1102,Q7,Sobelair
1103,QB,Inter-Quebec (Intair)
1104,QD,Grand Airways Inc.
1105,QF,Qantas Airways Ltd.
1106,QG,Sky West Aviation Inc.
1107,QH,Air Florida Inc.
1108,QK,Jazz Aviation LP
1109,QN,Royal Air
1110,QO,Aeromexpress
1111,QOZ,Bar Harbor Airways
1112,QQ,Reno Air Inc.
1113,QR,Qatar Airways (Q.C.S.C)
1114,QS,"Travel Service, a.s."
1115,QS (1),Northeastern International Airways
1116,QT,Transportes Aereos Mercantiles Panamericanos S.A
1117,QTQ,Aer Turas Teoranta
1118,QWE,Qwest Commuter
1119,QX,Horizon Air
1120,R3,Air Company Yakutia
1121,RAL,Royal-Air Ltd.
1122,RAN,Pan Am Express
1123,RAQ,Arista International Airlines Inc.
1124,RAY,Royale Airlines Inc.
1125,RB,Syrian Arab Airlines
1126,RC,Republic Airlines Inc.
1127,RCA,Mid-South Aviation Inc. (1)
1128,RD,Ryan International Airlines
1129,RD (1),Airlift International Inc.
1130,RDR,Rader Aviation
1131,RDW,Redwing Airways
1132,REA,Realwest Airlines
1133,RED,Aerosun International Airlines Inc.
1134,REQ,Renown Aviation
1135,RES,Resort Airlines Inc.
1136,RG,Varig S. A.
1137,RGQ,Regency Air
1138,RHA,Royal Hawaiian Airways Inc.
1139,RIA,Trump Air
1140,RIC,Richardson Aviation
1141,RID,Indiana Airways Inc. (Reid
1142,RIO,Rio Airways Inc.
1143,RIQ,Rich International Airways
1144,RIV,Riverside Air Service
1145,RJ,Alia-(The) Royal Jordanian
1146,RJS,Michigan Airways Inc.
1147,RK,Air Afrique
1148,RL,UltrAir
1149,RL (1),Aerolineas Nicaraguenses
1150,RLQ,Reliant Airlines
1151,RMH,Rocky Mountain Helicopters
1152,RMV,Ram Aviation
1153,RNQ,Mytravel Airways
1154,RO,Tarom Romanian Air Transpor
1155,ROA,Royal West Airways Inc.
1156,ROE,Roederer Aviation Inc.
1157,ROQ,Aero Uruguay (1)
1158,ROS,Great Western Airlines Inc.
1159,ROY,Royal American Airways Inc.
1160,RP,Chautauqua Airlines Inc.
1161,RRT,Air Freight Express
1162,RS,Sky Regional Airlines Inc.
1163,RSC,Resort Commuter
1164,RSQ,Aerotransportes Entre Rios
1165,RSV,Air-Serve
1166,RTQ,Aerotour Dominicano Cxa
1167,RU,AirBridgeCargo Airlines Limited
1168,RV,Air Canada rouge LP
1169,RV (1),Reeve Aleutian Airways Inc.
1170,RVA,Reeves Air
1171,RVQ,"Reeve Air Alaska, LLC"
1172,RWG,Air Rovers Inc.
1173,RY,Redcoat Air Cargo Limited
1174,RZZ,Aeromech Inc.
1175,S3,"Santa Barbara Airlines, C.A"
1176,S4,Sata Internacional
1177,S5,Shuttle America Corp.
1178,S6,Star Air A/S
1179,S6 (1),Mountain Bird/Salmon Air
1180,SA,South African Airways
1181,SAC,Sundorph Aeronautical Corp.
1182,SAH,Sea Air Shuttle
1183,SAI,Seair Alaska Airlines Inc.
1184,SAJ,Sajen Air Inc.
1185,SAL,Sallee's Aviation
1186,SAM,Samoan Airlines Inc.
1187,SAQ,Southern Air Transport Inc.
1188,SAS,Air Cortez International
1189,SAX,Air Americana
1190,SBA,Saber Aviation Inc.
1191,SBN,Suburban Airlines
1192,SBQ,Skyjet S.A.
1193,SCN,Scott Aviation
1194,SCO,Seaco Airlines Inc.
1195,SCT,Skyline Airlines
1196,SCY,South Coast Airways
1197,SDQ,St. Lucia Airways Limited
1198,SE,XL Airways France
1199,SE (1),Das Air Cargo
1200,SEB,Seaborne Aviation
1201,SEG,Seagull Air Service
1202,SEM,Semo Aviation Inc.
1203,SEP,Southern Express Airways
1204,SEQ,Sky Service F.B.O.
1205,SER,Service Aviation Inc.
1206,SFI,Stahmannfarms Inc.
1207,SFO,Sfo Helicopter Airlines Inc.
1208,SFQ,Pacific International Airlines Inc.
1209,SFQ (1),Southern Frontier Air Trans
1210,SFS,Sierra Flite Service Inc.
1211,SG,Jetsgo
1212,SH,Servicio Aereo De Honduras
1213,SHS,Shasta Air Inc.
1214,SHV,Shavano Air Inc.
1215,SI,Sierra Pacific Airlines
1216,SI (1),Jet America Airlines Inc.
1217,SIA,Silver State Airlines
1218,SIQ,Premiair
1219,SIQ (1),Scanair
1220,SJA,San Juan Airlines Inc.
1221,SJQ,Skycharter (Malton) Ltd.
1222,SK,Scandinavian Airlines Sys.
1223,SKI,Sunbird Inc.
1224,SKJ,Sky-Jet
1225,SKL,Bas Airlines
1226,SKM,Scheduled Skyways
1227,SKS,Silver Kris Services Ltd.
1228,SKT,Skytrain
1229,SLO,Slocum Air Inc.
1230,SLQ,Sky King Inc.
1231,SLR,Salair
1232,SLZ,Southeast Airlines Inc.
1233,SM,Sunworld International Airlines
1234,SMC,Stopher Mechanical Inc.
1235,SMO,Samoa Aviation Inc.
1236,SMQ,Serv. Aerolineas Mexicanas
1237,SN,Brussels Airlines N.V.
1238,SN (1),Sabena Belgian World Air.
1239,SNA,Aviation Associates
1240,SNB,Ccair
1241,SNC,Gelco Courier Services Inc.
1242,SNE,Shawnee Airlines
1243,SNK,Spernak Airways Inc.
1244,SNV,Sierra Nevada Airways
1245,SO,Swiss World Airways
1246,SOA,Mall Airways Inc.
1247,SOE,Sky One Express
1248,SOL,Soonair Lines Inc.
1249,SOP,South Pacific Island Airway
1250,SPF,Springfield Air Service
1251,SPG,Springdale Air
1252,SPH,Spirit Helicopter
1253,SPQ,Sun Pacific International
1254,SPR,Sportsman Flying Service
1255,SQ,Singapore Airlines Ltd.
1256,SR,Swissair Transport Co. Ltd.
1257,SRA,Star Aviation
1258,SRL,Sterling Air Service
1259,SS,Corsair International
1260,SSA,S. S. Airways Inc.
1261,SSP,Southern Seaplane
1262,SSQ,Superior Airways Limited
1263,SSS,Sierra Express Inc.
1264,SST,Seaplane Shuttle Transport
1265,ST,Belize Airways Limited
1266,STA,State Airlines Inc.
1267,STF,Trans East International
1268,STG,Sedalia Marshall Boonvl Stg
1269,STQ,Skycraft Air Transport Inc.
1270,STR,Star Aviation Corporation
1271,STW,Stateswest Airlines
1272,STZ,Air America Inc.
1273,SU,Aeroflot Russian Airlines
1274,SUA,Sunshine Airlines
1275,SUI,Sun International Airways
1276,SUT,Sunbelt
1277,SUX,Sunair Express LLC
1278,SV,Saudi Arabian Airlines Corp
1279,SVL,Sun Valley Airlines
1280,SVW,"Global Jet Luxembourg, Sa"
1281,SWA,Sunwest Airlines
1282,SWT,Swift Aire Lines Inc.
1283,SX,"Skybus Airlines, Inc."
1284,SX (1),Aeroejecutivo S.A.
1285,SXP,Sierra Expressway
1286,SY,Sun Country Airlines d/b/a MN Airlines
1287,SYB,Skybus Express Airlines
1288,SYM,Skymaster
1289,SZQ,Aerolineas El Salvador S A
1290,T3,Tristar Airlines Inc.
1291,T9,TransMeridian Airlines
1292,TA,Taca International Airlines
1293,TAC,Air Colorado
1294,TAF,Tri Air Freight
1295,TAL,Tejas Airlines Inc.
1296,TAQ,Taquan Air Service
1297,TAS,Yosemite Airlines Inc.
1298,TAT,Talarik Creek Air Taxi
1299,TB,TUI Airlines Belgium N.V. d/b/a Jetairfly
1300,TB (1),USAir Shuttle
1301,TBQ,Triair Bermuda Flt Operations
1302,TCA,Trans Catalina Airlines
1303,TCE,Oceanair Line
1304,TCI,Trans California Airlines
1305,TCL,Trans-Central Airlines Inc.
1306,TCO,Trans-Colorado Airlines
1307,TCQ,Express.Net Airlines
1308,TDQ,Venexcargo
1309,TDQ (1),Transcarga
1310,TEN,Tennessee Airways Inc.
1311,TER,Terre Haute Air Commuter
1312,TFQ,Trans International Airlines Inc.
1313,TFZ,Tri-State Airlines Inc.
1314,TG,Thai Airways International Ltd.
1315,TGO,Trans Air Cargo Inc.
1316,TGQ,Tranps Aereos Guatemaltecos
1317,TH,Transmile Air Service
1318,THA,Tropical Helicopter Airways
1319,THO,Thorson Aviation
1320,THQ,T-Bird Air Inc.
1321,TIA,Trans Air Inc.
1322,TIE,Trans International Express
1323,TIQ,Tyrolean Jet Service
1324,TIS,Skyfreight
1325,TJ,Jet Charter Service Inc.
1326,TK,Turk Hava Yollari A.O.
1327,TKQ,Trans-Air-Link Corporation
1328,TLQ,Trans-Mediterranean Airways
1329,TMA,Trans Mo Airlines
1330,TN,Air Tahiti Nui
1331,TNQ,Emery Worldwide Airlines
1332,TNS,Transtate Aviation
1333,TP,Tap-Portuguese Airlines
1334,TPQ,Aerial Transit Company
1335,TQQ,Taca Peru
1336,TR,Transbrasil S.A.
1337,TRA,Aeromexico Travel
1338,TRI,Great Plains Airlines Inc.
1339,TRO,Air Molakai
1340,TRP,Trans Pennsylvania Airlines
1341,TRQ,Blue Scandinavia Ab
1342,TRR,Territorial Airlines
1343,TS,Air Transat
1344,TSF,American Central Airlines
1345,TSI,Trans Sierra Airlines Inc.
1346,TSQ,TPI International Airways
1347,TTM,The Time Machine
1348,TUL,Tulsair Beechcraft Inc.
1349,TUR,Turner Aire
1350,TV,Haiti Trans Air
1351,TV (1),Transamerica Airlines Inc.
1352,TVL,Travelair
1353,TW,Trans World Airways LLC
1354,TWA,Trans Western Airlines Utah
1355,TWE,Trans World Express
1356,TX,Soc.Nouvelle Air Guadeloupe
1357,TX (1),Transportes Aereos Nacional
1358,TXA,Texas National Airlines
1359,TXE,Trans Air (Hawaii)
1360,TXQ,British Caribbean Airways
1361,TXY,Texas Airways
1362,TYE,Temsco Airlines
1363,TZ,ATA Airlines d/b/a ATA
1364,TZQ,First Choice Airways
1365,U2,UFS Inc.
1366,U5,USA 3000 Airlines
1367,U7,USA Jet Airlines Inc.
1368,UA,United Air Lines Inc.
1369,UAI,Universal Airways Inc.
1370,UC,Ladeco
1371,UD,Fast Air Carrier Ltd.
1372,UH,US Helicopter Corporation
1373,UMQ,Air Manila Inc.
1374,UN,Transaero Airlines
1375,UNQ,Overseas National Airways
1376,UP,Bahamasair Holding Limited
1377,UR,Empire Airlines Inc. (1)
1378,URQ,Aero Uruguay
1379,US,US Airways Inc.
1380,USA,Air U.S.
1381,UT,Union De Transports Aeriens
1382,UTQ,Universal Airlines Inc.
1383,UX,Air Europa
1384,UX (1),Air Illinois Inc.
1385,UYQ,Aerolineas Uruguayas S.A.
1386,V4,Vensecar International
1387,V5,J.D.Valenciana De Aviation
1388,V8,Iliamna Air Taxi
1389,V9,Eagle Airlines
1390,VA,Virgin Blue International Airlines t/a V Australia
1391,VA (1),Venezuelan International Airways
1392,VAG,Vagabond Aviation Inc.
1393,VAQ,Vacationair
1394,VAS,Valley Air Services
1395,VB,"Aeroenlaces Nacionales, S.A. de C.V. d/b/a VivaAerobus"
1396,VB (1),Pacific Express
1397,VC,Servicios Avensa
1398,VCQ,Victory Air Transport Inc.
1399,VE,Aerovias Venezolanas-Avensa
1400,VER,Britt Airlines Inc.
1401,VEZ,Valdez Airlines
1402,VH,Aeropostal Alas De Venezuel
1403,VI,Vieques Air Link Inc.
1404,VIG,Viking Express
1405,VIN,Vale International Airlines
1406,VIQ,Volga-Dnepr Airlines
1407,VIQ (1),Viscount Air Service Inc.
1408,VIS,Virgin Islands Seaplane
1409,VJT,VistaJet Limited
1410,VK,Air Tungaru Corporation
1411,VL,Mid-South Aviation Inc.
1412,VLA,Village Aviation
1413,VLY,Valley Airlines
1414,VOQ,Avalon Aviation Ltd.
1415,VP,Viacao Aerea Sao Paulo
1416,VQ,Vintage Props & Jets Inc.
1417,VR,Transportes Aereos De Cabo
1418,VS,Virgin Atlantic Airways
1419,VSA,VistaJet Luftfahrtunternehmen GmbH
1420,VV,Aerosvit Ukranian Airlines
1421,VV (1),Challenge Air Transport Inc.
1422,VV (2),Challenge Air International Inc.
1423,VW,Transportes Aeromar S.A de C.V
1424,VX,Virgin America
1425,VX (1),Aces Airlines
1426,VY,Highland Express Airways
1427,W3,Arik Air International
1428,W4,"Mn Aviation, Inc."
1429,W7,Western Pacific Airlines
1430,W8,Cargojet Airways Ltd.
1431,W9,Eastwind Airlines Inc.
1432,WA,Worldwide Airlines Services
1433,WA (1),Western Air Lines Inc.
1434,WAC,Air East Airlines
1435,WAI,Wise Airlines Inc.
1436,WAP,Arrow Panama
1437,WAQ,Air Charter Systems (Acs)
1438,WAR,Waring Air
1439,WAW,Westward Airways Inc.
1440,WC,Wien Air Alaska Inc.
1441,WCA,Walker's International
1442,WCI,Mountainwest Airlines
1443,WD,Halisa Air
1444,WDQ,Wardair Canada Inc.
1445,WE,Centurion Cargo Inc.
1446,WEB,Southeast Alaska Airlines
1447,WEQ,Aero-Services-Corporate
1448,WES,Western Star Airlines Inc.
1449,WET,Western Charter Inc.
1450,WFS,Wheeler Airlines
1451,WFT,Westflight Aviation
1452,WG,Sunwing Airlines Inc.
1453,WGL,Wrangell Air Service
1454,WGQ,Gateway Aviation Limited
1455,WI,Tradewinds Airlines
1456,WIA,Wisc Air
1457,WIL,Will's Air
1458,WIR,Williams Air Inc.
1459,WL,World Air Network
1460,WLH,Welch Aviation
1461,WLQ,Worldwide Airlines Inc.
1462,WM,Windward Islands Airways
1463,WN,Southwest Airlines Co.
1464,WNG,Wings Airways
1465,WNQ,Winair Inc.
1466,WO,World Airways Inc.
1467,WP,Island Air Hawaii
1468,WRA,Wra Inc.
1469,WRD,Ward Air
1470,WRT,Wright Airlines Inc.
1471,WS,Westjet
1472,WS (1),Suncoast Airlines Inc.
1473,WSK,AAR Western Skyways
1474,WST,West Isle Air
1475,WSU,Mission Air
1476,WT,Nigeria Airways Ltd.
1477,WTA,Westates Airlines
1478,WV,"Air Greco, Inc., d/b/a Wings Air"
1479,WV (1),Air South Inc. (1)
1480,WW,WOW Air ehf
1481,WWI,Wings West Airlines
1482,WWQ,Worldways Canada Ltd.
1483,X4,Air Excursions LLC
1484,X9,Omni Air Express
1485,XAA,Aero Union Corp
1486,XAB,Air Polynesia d/b/a DHL Cargo
1487,XAC,Air Express International Airlines
1488,XAE,Amerford Airways Inc.
1489,XAF,Astro-Wing Airlines Inc.
1490,XAG,Ball Brothers Inc.
1491,XAH,Hawaii Pacific Air
1492,XAI,Burlington Northern Inc.
1493,XAJ,Central American International
1494,XAK,Century Airlines Inc.
1495,XAM,Cohlmia Aviation
1496,XAO,Dallas Flight Center
1497,XAQ,Cam Air International Inc.
1498,XAR,Jet Way Inc.
1499,XAS,Klondike Air Inc.
1500,XAT,Michigan Peninsula Airways
1501,XAU,Flight Line Inc.
1502,XAY,Pat Air
1503,XAZ,Purolator Sky Courier Inc.
1504,XBC,Jet East Inc.
1505,XBF,WTC Airlines
1506,XBH,Profit Airlines Inc.
1507,XBI,CF Air Freight
1508,XBJ,International Air Service
1509,XBM,Phh Air Inc.
1510,XBP,Circle Airfreight Corp.
1511,XBQ,Aeronaves De Puerto Rico
1512,XBR,Allstates Air Cargo Inc.
1513,XBT,Pacific Alaska Airlines Inc.
1514,XBV,Nal Inc.
1515,XBX,Icb International Airlines
1516,XBZ,Air Natl Aircraft Sal & Ser
1517,XC,Air Caribbean (1)
1518,XCA,Hawkins And Powers Aviation
1519,XDA,Pacific Air Express Inc.
1520,XDC,Hemisphere Air Charter
1521,XDD,International Parcel Express Inc.
1522,XDE,Air Train Inc.
1523,XDF,Salair Inc.
1524,XDH,Kitty Hawk Air Cargo
1525,XE,ExpressJet Airlines Inc. (1)
1526,XF,Vladivostok Air
1527,XJ,Mesaba Airlines
1528,XK,Aerotal
1529,XL,Lan Ecuador
1530,XP,Casino Express
1531,XPA,Express Air d/b/a Sunrise
1532,XPE,Amira Air GmbH
1533,XPQ,International Cargo Xpress
1534,XV,Presidential Airways Inc.
1535,XY,Munz Northern Airlines Inc.
1536,XYZ,Airpac Inc.
1537,Y2,Globespan Airways Limited d/b/a Flyglobespan
1538,Y4,Concesionaria Vuela Compania De Aviacion SA de CV (Volaris)
1539,Y7,Flyjet Limited d/b/a Silverjet
1540,Y8,Yangtze River Express Airlines Company
1541,YB,Trans Continental Airlines
1542,YBQ,Yellow Bird Air
1543,YM,Royal West Airlines
1544,YR,"Grand Canyon Airlines, Inc. d/b/a Grand Canyon Airlines d/b/a Scenic Airlines"
1545,YV,Mesa Airlines Inc.
1546,YX,Republic Airlines
1547,YX (1),"Midwest Airline, Inc."
1548,Z3,"PM Air, LLC"
1549,Z3 (1),Promech
1550,ZA,Accessair Holdings
1551,ZAQ,Zas Airline Of Egypt
1552,ZB,Monarch Airlines
1553,ZE,Lineas Aereas Azteca
1554,ZFZ,Mcphillips Flying Service
1555,ZIA,Air New Mexico
1556,ZK,Great Lakes Airlines
1557,ZKQ,Zantop International
1558,ZL,Affretair
1559,ZMZ,Winnipesaukee Aviation Inc.
1560,ZN,Key Airlines Inc.
1561,ZO,Florida Express Inc.
1562,ZP,Air St. Thomas
1563,ZS,Hispaniola Airways
1564,ZUQ,Zuliana De Aviacion
1565,ZV,Air Midwest Inc.
1566,ZW,Air Wisconsin Airlines Corp
1567,ZX,Air Georgian
1568,ZX (1),Airbc Ltd.
1569,ZY,Atlantic Gulf Airlines
1570,ZYZ,Skyway Aviation Inc.
