,Airport_Code,Airport_City,Airport_State
0,FLL,Fort Lauderdale,FL
1,ATL,Atlanta,GA
2,JAN,Jackson/Vicksburg,MS
3,RIC,Richmond,VA
4,MSP,Minneapolis,MN
5,RDU,Raleigh/Durham,NC
6,BNA,Nashville,TN
7,IND,Indianapolis,IN
8,LGA,New York,NY
9,SAV,Savannah,GA
10,XNA,Fayetteville,AR
11,SAT,San Antonio,TX
12,TPA,Tampa,FL
13,SLC,Salt Lake City,UT
14,BDL,Hartford,CT
15,JAX,Jacksonville,FL
16,BOS,Boston,MA
17,RSW,Fort Myers,FL
18,SEA,Seattle,WA
19,MDT,Harrisburg,PA
20,MIA,Miami,FL
21,DTW,Detroit,MI
22,PIT,Pittsburgh,PA
23,MCO,Orlando,FL
24,CLT,Charlotte,NC
25,CAE,Columbia,SC
26,EWR,Newark,NJ
27,BUF,Buffalo,NY
28,PHL,Philadelphia,PA
29,CVG,Cincinnati,OH
30,JFK,New York,NY
31,LAS,Las Vegas,NV
32,PDX,Portland,OR
33,DCA,Washington,DC
34,ORF,Norfolk,VA
35,FSD,Sioux Falls,SD
36,LAX,Los Angeles,CA
37,DFW,Dallas/Fort Worth,TX
38,MEM,Memphis,TN
39,SJU,San Juan,PR
40,ROC,Rochester,NY
41,ORD,Chicago,IL
42,SDF,Louisville,KY
43,CMH,Columbus,OH
44,PNS,Pensacola,FL
45,PHX,Phoenix,AZ
46,IAD,Washington,DC
47,CHS,Charleston,SC
48,DAY,Dayton,OH
49,PWM,Portland,ME
50,JAC,Jackson,WY
51,SNA,Santa Ana,CA
52,MCI,Kansas City,MO
53,LGB,Long Beach,CA
54,BOI,Boise,ID
55,MSY,New Orleans,LA
56,TUL,Tulsa,OK
57,STT,Charlotte Amalie,VI
58,GRR,Grand Rapids,MI
59,MSN,Madison,WI
60,AUS,Austin,TX
61,STX,Christiansted,VI
62,OAK,Oakland,CA
63,DEN,Denver,CO
64,BWI,Baltimore,MD
65,LIT,Little Rock,AR
66,HOU,Houston,TX
67,ECP,Panama City,FL
68,DAB,Daytona Beach,FL
69,SRQ,Sarasota/Bradenton,FL
70,SAN,San Diego,CA
71,VPS,Valparaiso,FL
72,HSV,Huntsville,AL
73,IAH,Houston,TX
74,SJC,San Jose,CA
75,PBI,West Palm Beach/Palm Beach,FL
76,STL,St. Louis,MO
77,MYR,Myrtle Beach,SC
78,CLE,Cleveland,OH
79,MDW,Chicago,IL
80,ONT,Ontario,CA
81,OMA,Omaha,NE
82,SFO,San Francisco,CA
83,MKE,Milwaukee,WI
84,ANC,Anchorage,AK
85,FAI,Fairbanks,AK
86,HPN,White Plains,NY
87,BHM,Birmingham,AL
88,TYS,Knoxville,TN
89,OKC,Oklahoma City,OK
90,HDN,Hayden,CO
91,CHA,Chattanooga,TN
92,BZN,Bozeman,MT
93,DSM,Des Moines,IA
94,EYW,Key West,FL
95,ICT,Wichita,KS
96,PSP,Palm Springs,CA
97,ROA,Roanoke,VA
98,GSO,Greensboro/High Point,NC
99,TLH,Tallahassee,FL
100,GEG,Spokane,WA
101,ATW,Appleton,WI
102,GNV,Gainesville,FL
103,FCA,Kalispell,MT
104,MLB,Melbourne,FL
105,GSP,Greer,SC
106,LEX,Lexington,KY
107,BTR,Baton Rouge,LA
108,AVL,Asheville,NC
109,RNO,Reno,NV
110,GPT,Gulfport/Biloxi,MS
111,SGF,Springfield,MO
112,DAL,Dallas,TX
113,PVD,Providence,RI
114,SMF,Sacramento,CA
115,ALB,Albany,NY
116,MSO,Missoula,MT
117,SYR,Syracuse,NY
118,EGE,Eagle,CO
119,HNL,Honolulu,HI
120,LIH,Lihue,HI
121,OGG,Kahului,HI
122,KOA,Kona,HI
123,ABQ,Albuquerque,NM
124,TUS,Tucson,AZ
125,ELP,El Paso,TX
126,BTV,Burlington,VT
127,FAR,Fargo,ND
128,GRB,Green Bay,WI
129,MTJ,Montrose/Delta,CO
130,FAY,Fayetteville,NC
131,BIL,Billings,MT
132,SCE,State College,PA
133,HRL,Harlingen/San Benito,TX
134,TTN,Trenton,NJ
135,COS,Colorado Springs,CO
136,ISP,Islip,NY
137,SWF,Newburgh/Poughkeepsie,NY
138,BUR,Burbank,CA
139,GJT,Grand Junction,CO
140,CID,Cedar Rapids/Iowa City,IA
141,BMI,Bloomington/Normal,IL
142,FAT,Fresno,CA
143,DRO,Durango,CO
144,ILG,Wilmington,DE
145,SFB,Sanford,FL
146,FNT,Flint,MI
147,USA,Concord,NC
148,PGD,Punta Gorda,FL
149,PIE,St. Petersburg,FL
150,EVV,Evansville,IN
151,IAG,Niagara Falls,NY
152,PIA,Peoria,IL
153,AZA,Phoenix,AZ
154,STC,St. Cloud,MN
155,BGR,Bangor,ME
156,PSM,Portsmouth,NH
157,FWA,Fort Wayne,IN
158,MFR,Medford,OR
159,SCK,Stockton,CA
160,MLI,Moline,IL
161,EUG,Eugene,OR
162,SMX,Santa Maria,CA
163,TOL,Toledo,OH
164,PBG,Plattsburgh,NY
165,ABE,Allentown/Bethlehem/Easton,PA
166,SHV,Shreveport,LA
167,GRI,Grand Island,NE
168,RAP,Rapid City,SD
169,BLV,Belleville,IL
170,RFD,Rockford,IL
171,IDA,Idaho Falls,ID
172,BIS,Bismarck/Mandan,ND
173,HGR,Hagerstown,MD
174,GFK,Grand Forks,ND
175,TRI,Bristol/Johnson City/Kingsport,TN
176,ELM,Elmira/Corning,NY
177,PVU,Provo,UT
178,MOT,Minot,ND
179,SPI,Springfield,IL
180,SBN,South Bend,IN
181,MFE,Mission/McAllen/Edinburg,TX
182,PSC,Pasco/Kennewick/Richland,WA
183,LCK,Columbus,OH
184,BLI,Bellingham,WA
185,TVC,Traverse City,MI
186,GTF,Great Falls,MT
187,MRY,Monterey,CA
188,OGD,Ogden,UT
189,AMA,Amarillo,TX
190,LRD,Laredo,TX
191,OWB,Owensboro,KY
192,HTS,Ashland,WV
193,CKB,Clarksburg/Fairmont,WV
194,RDM,Bend/Redmond,OR
195,ITO,Hilo,HI
196,PPG,Pago Pago,TT
197,GCK,Garden City,KS
198,MAF,Midland/Odessa,TX
199,BRO,Brownsville,TX
200,LCH,Lake Charles,LA
201,GGG,Longview,TX
202,LFT,Lafayette,LA
203,SPS,Wichita Falls,TX
204,CMI,Champaign/Urbana,IL
205,AZO,Kalamazoo,MI
206,ALO,Waterloo,IA
207,FSM,Fort Smith,AR
208,LSE,La Crosse,WI
209,LAW,Lawton/Fort Sill,OK
210,ABI,Abilene,TX
211,TYR,Tyler,TX
212,GRK,Killeen,TX
213,DBQ,Dubuque,IA
214,CLL,College Station/Bryan,TX
215,SJT,San Angelo,TX
216,MHK,Manhattan/Ft. Riley,KS
217,MQT,Marquette,MI
218,MLU,Monroe,LA
219,SWO,Stillwater,OK
220,AGS,Augusta,GA
221,LBB,Lubbock,TX
222,TXK,Texarkana,AR
223,CRP,Corpus Christi,TX
224,CWA,Mosinee,WI
225,ACT,Waco,TX
226,AVP,Scranton/Wilkes-Barre,PA
227,AEX,Alexandria,LA
228,MGM,Montgomery,AL
229,MOB,Mobile,AL
230,RST,Rochester,MN
231,COU,Columbia,MO
232,SBP,San Luis Obispo,CA
233,LAN,Lansing,MI
234,BPT,Beaumont/Port Arthur,TX
235,ILM,Wilmington,NC
236,DRT,Del Rio,TX
237,ROW,Roswell,NM
238,ACY,Atlantic City,NJ
239,BQN,Aguadilla,PR
240,LBE,Latrobe,PA
241,CRW,Charleston/Dunbar,WV
242,MHT,Manchester,NH
243,CAK,Akron,OH
244,PHF,Newport News/Williamsburg,VA
245,LYH,Lynchburg,VA
246,ERI,Erie,PA
247,EWN,New Bern/Morehead/Beaufort,NC
248,ITH,Ithaca/Cortland,NY
249,CHO,Charlottesville,VA
250,CSG,Columbus,GA
251,OAJ,Jacksonville/Camp Lejeune,NC
252,YKM,Yakima,WA
253,RDD,Redding,CA
254,STS,Santa Rosa,CA
255,ALW,Walla Walla,WA
256,PUW,Pullman,WA
257,SBA,Santa Barbara,CA
258,PAE,Everett,WA
259,EAT,Wenatchee,WA
260,SUN,Sun Valley/Hailey/Ketchum,ID
261,HLN,Helena,MT
262,DLG,Dillingham,AK
263,AKN,King Salmon,AK
264,DLH,Duluth,MN
265,HHH,Hilton Head,SC
266,ORH,Worcester,MA
267,BQK,Brunswick,GA
268,ABY,Albany,GA
269,DHN,Dothan,AL
270,MBS,Saginaw/Bay City/Midland,MI
271,VLD,Valdosta,GA
272,GTR,Columbus,MS
273,BGM,Binghamton,NY
274,GUC,Gunnison,CO
275,PGV,Greenville,NC
276,ART,Watertown,NY
277,SBY,Salisbury,MD
278,FLO,Florence,SC
279,ADQ,Kodiak,AK
280,BET,Bethel,AK
281,BRW,Barrow,AK
282,JNU,Juneau,AK
283,KTN,Ketchikan,AK
284,SIT,Sitka,AK
285,OTZ,Kotzebue,AK
286,ADK,Adak Island,AK
287,YAK,Yakutat,AK
288,CDV,Cordova,AK
289,WRG,Wrangell,AK
290,PSG,Petersburg,AK
291,OME,Nome,AK
292,SCC,Deadhorse,AK
293,PSE,Ponce,PR
294,ASE,Aspen,CO
295,YUM,Yuma,AZ
296,FLG,Flagstaff,AZ
297,SAF,Santa Fe,NM
298,BFL,Bakersfield,CA
299,ACV,Arcata/Eureka,CA
300,SGU,St. George,UT
301,LWS,Lewiston,ID
302,ESC,Escanaba,MI
303,INL,International Falls,MN
304,ABR,Aberdeen,SD
305,APN,Alpena,MI
306,CIU,Sault Ste. Marie,MI
307,TWF,Twin Falls,ID
308,HIB,Hibbing,MN
309,XWA,Williston,ND
310,RHI,Rhinelander,WI
311,IMT,Iron Mountain/Kingsfd,MI
312,BTM,Butte,MT
313,PLN,Pellston,MI
314,BJI,Bemidji,MN
315,BRD,Brainerd,MN
316,CDC,Cedar City,UT
317,CPR,Casper,WY
318,EKO,Elko,NV
319,PIH,Pocatello,ID
320,LNK,Lincoln,NE
321,OGS,Ogdensburg,NY
322,DVL,Devils Lake,ND
323,JMS,Jamestown,ND
324,MCW,Mason City,IA
325,SHD,Staunton,VA
326,PUB,Pueblo,CO
327,LBL,Liberal,KS
328,PIB,Hattiesburg/Laurel,MS
329,SHR,Sheridan,WY
330,PAH,Paducah,KY
331,VEL,Vernal,UT
332,PIR,Pierre,SD
333,PRC,Prescott,AZ
334,DDC,Dodge City,KS
335,FOD,Fort Dodge,IA
336,CGI,Cape Girardeau,MO
337,HYS,Hays,KS
338,RKS,Rock Springs,WY
339,CNY,Moab,UT
340,ATY,Watertown,SD
341,SLN,Salina,KS
342,DEC,Decatur,IL
343,CYS,Cheyenne,WY
344,ALS,Alamosa,CO
345,VCT,Victoria,TX
346,RIW,Riverton/Lander,WY
347,SUX,Sioux City,IA
348,MEI,Meridian,MS
349,GCC,Gillette,WY
350,JST,Johnstown,PA
351,TBN,Fort Leonard Wood,MO
352,EAR,Kearney,NE
353,BIH,Bishop,CA
354,COD,Cody,WY
355,OTH,North Bend/Coos Bay,OR
356,HOB,Hobbs,NM
357,LWB,Lewisburg,WV
358,BFF,Scottsbluff,NE
359,LBF,North Platte,NE
360,CMX,Hancock/Houghton,MI
361,JLN,Joplin,MO
362,EAU,Eau Claire,WI
363,MKG,Muskegon,MI
364,LAR,Laramie,WY
365,GUM,Guam,TT
366,SPN,Saipan,TT
367,DIK,Dickinson,ND
368,PQI,Presque Isle/Houlton,ME
369,WYS,West Yellowstone,MT
370,ACK,Nantucket,MA
371,GST,Gustavus,AK
372,HYA,Hyannis,MA
373,MVY,Martha's Vineyard,MA
374,BKG,Branson,MO
